Apple 아이폰 13 256GB [자급제],"1,180,790원",https://cr.shopping.naver.com/adcr.nhn?x=dVB0kRnZfzIIqwOQavIHgv%2F%2F%2Fw%3D%3DsYdrlhqCC%2BUWHfg1aTP%2FX2N%2Fyb0yWz%2BSHAa%2F9MKF1s2DrlQPyQuHoHFsppYbPEdHaLp3t%2FSYvdCFpGnJNj886BCJ1OejQkm0FijXO7mFC6MCLft4WqbbOquOv1rYUq7tAsAjtQVK1dPrcrZ0LaE9XO4ZnlrSZr8PDPdBCvs8uWtdeJxHcKH4rYUhc5SxvGs%2FQal%2Brid8rrn32YQBzRS5OdSJO7jbxAC%2FhHJnJbE9pD225SET%2FmTh%2Bwr3iKnDGr9FRKL1FBsf8ZJj9UJnhKOnkCRhIukD74%2F6IPplSKWBG3MfBz7%2BORHa%2BX777%2F5U82WuFRDpykpOqWZgZqWcBmVwRDRbqfcJViYnw4MsMpFe0FVs6JIeyjRJJG8AQSjlBThBKRuaDR2LrEXFDwvTptY5wkd42zEVOHkRt1m9hvixzMvciNvEAyH7XT6ObGe95mRdUsw%2FEBFoDxdMAZ4HSpGP%2F1sbbTrOhMmQpEkp4UEtzKmSE4FQdvRmo7oxOSvwywmch%2BPn%2F0%2FsFFiwjT7S5BsR0E8IeEyPpIic4dSVtMu833ckNauEcRynSn%2F8orOK7nc904PJAKTNY1uUg7BKh%2B%2FGUg9cNzp1QwDXg%2BDUffqXT%2FRxWhZ3SMHTcLlpircdRzUgq1JIslBmdxaTx7xO1%2BPPoWw%3D%3D&nvMid=29029192591&catId=50001519
Apple 아이폰 13 미니 128GB [자급제],"256,680원",https://cr.shopping.naver.com/adcr.nhn?x=oVIQD6wxBNi7lUkKEFuvu%2F%2F%2F%2Fw%3D%3Dsu3VjJ2W1TwpQE72TLQbDojAmbvv9CSRZySphbEf9n%2FLrlQPyQuHoHFsppYbPEdHaEhst91ffVE7Z1VXTEqWE2TWAaqeXwOD8gVx%2FYvlH596Lft4WqbbOquOv1rYUq7tAsAjtQVK1dPrcrZ0LaE9XO4ZnlrSZr8PDPdBCvs8uWtdeJxHcKH4rYUhc5SxvGs%2FQdLXJw816spD1TnVZPVLHLiJO7jbxAC%2FhHJnJbE9pD225SET%2FmTh%2Bwr3iKnDGr9FRKL1FBsf8ZJj9UJnhKOnkCRhIukD74%2F6IPplSKWBG3MfBz7%2BORHa%2BX777%2F5U82WuFRDpykpOqWZgZqWcBmVwRDdHcc7BUbppKR8iicnQKHAc6JIeyjRJJG8AQSjlBThBKRuaDR2LrEXFDwvTptY5wkcYqO5oldvJYwA5gmzBmIm8iNvEAyH7XT6ObGe95mRdUsw%2FEBFoDxdMAZ4HSpGP%2F1rj13FcqfSWDfp5diy8RVZgi5HSrzhhCOMWuXdZxvGXvk9L6rt0SOVsUsc5EylGdlYTiEBQgQAhb6RGp36PUpEGUy967mlSa3mZfqZTLi6DqpuWmPUn4omDthcd%2BJi5EGr923WfJpK4XAyU3lNDB8GNXc50eBITwugSNPH3Ok09sVpGw61BSdoQRvEGgfFlc5w%3D%3D&nvMid=29030650586&catId=50001519
Apple 아이폰 13 128GB [자급제],"1,046,400원",https://cr.shopping.naver.com/adcr.nhn?x=iQ13aFINRiwWLsMIVmPEuf%2F%2F%2Fw%3D%3DsHWTL%2Ba8efUC7hvO59invhK3ws%2BNCQGiiRjhgVJ22MrLrlQPyQuHoHFsppYbPEdHaRMe7D%2Bh%2F0X8pdwCQX3aVE5iq6iye0oT3PUS8ADN%2BDYGLft4WqbbOquOv1rYUq7tAsAjtQVK1dPrcrZ0LaE9XO4ZnlrSZr8PDPdBCvs8uWtdeJxHcKH4rYUhc5SxvGs%2FQr4wGF0AEo4GvzL2xjrn4ViJO7jbxAC%2FhHJnJbE9pD225SET%2FmTh%2Bwr3iKnDGr9FRKL1FBsf8ZJj9UJnhKOnkCRhIukD74%2F6IPplSKWBG3MfBz7%2BORHa%2BX777%2F5U82WuFRDpykpOqWZgZqWcBmVwRDZt6VA6beOffVElUsUzvuCU6JIeyjRJJG8AQSjlBThBKRuaDR2LrEXFDwvTptY5wkYlqjdwzO%2FwaMzYHXwUxQCkiNvEAyH7XT6ObGe95mRdUsw%2FEBFoDxdMAZ4HSpGP%2F1pKTb8buH5c0P7SGbDtxloeE4FQdvRmo7oxOSvwywmchv2RrNvQoxhdtPAq%2B9LODbVbhCgSs3lDw9fyEPUthwcYNauEcRynSn%2F8orOK7nc90hhr2dXLb8juf4vSGkKIRd%2BqeFCuzfdw7C5iRPqTMoNOFbDf4gHI5rSMJU1BWcIOg&nvMid=29030374587&catId=50001519
Apple 아이폰 13 미니 256GB [자급제],"1,024,590원",https://cr.shopping.naver.com/adcr.nhn?x=hhG5w5BqVQ1FU%2F10oR7qCv%2F%2F%2Fw%3D%3DsATMMsP5uyrdoWEAGCPTmrcVf51U2qX53l%2F%2Bq644Q%2Fn2GgjNtjvRyY8TaEm3AQ5UwolT1S70CH%2FYfUR0%2BVjYyFuGuOrL2fN57TVjDMhoU%2BzFufsLCnPLZ5YYjJnynfsRGpzxRGLzG%2Bmdxj7CcCLenqd9%2BKy%2Fm0d%2BgYWHtEf61Jo5CNclKwvLyA%2Fys%2F%2FHPPajLdmjiUNRuai273zzzcAG2XmNmcbgLr0lu2cCLGgyX7c9vsepmwRk8o%2FCB4DgHhnjVEu%2FGh2zhXLr5F3JAxQqQQquKWQN4b7WstTXVRp4V%2Fd2Kx7G3krbJiQXzryuwwOqJb%2B3kUsIiYmdgVWRNlJ0BEeZX72MMvOO0ENft3ZwL4itKjRp2D9pkBhcJdqPQCXkTMM1plBQtkhaEWAH4rmffCHGPTx6ShVHv2wQJF8zHRbwLSv5SYzis5SVdiBAX6a8Rg4OPtThFM2yPBsnrKnNGz2rmButq64KTClYrJqqBljSZZd0C6e2Zyps4U6T5DErBvcQeIaAGIIQRnJcrzv7qxUXfWNB8EKFz%2Ba68%2Fx1zLx1P4PMPHCnudPTZjGRUD3iUwK5IvvuXBQyBDZOK%2BIQIt8QPp%2B1TvM2dWz0IAgjzXNLHICEQpPL7Rm%2B2fyhjEhHR&nvMid=29030437590&catId=50001519
Apple 아이폰 13 프로 128GB [자급제],"1,647,550원",https://cr.shopping.naver.com/adcr.nhn?x=lgc6QW14KMmORMgDz%2FSVYv%2F%2F%2Fw%3D%3DswsDDiea74wMXPt9WftFJzXnWpOJyVLr7IPu%2FMHQ%2FUySGgjNtjvRyY8TaEm3AQ5Uwog7Lcj3B6oX9hlMAKUYpmuGuOrL2fN57TVjDMhoU%2BzFufsLCnPLZ5YYjJnynfsRGpzxRGLzG%2Bmdxj7CcCLenqd9%2BKy%2Fm0d%2BgYWHtEf61Jo5CNclKwvLyA%2Fys%2F%2FHPPajLTxs46ihXoVB%2B04WPMRzZJmNmcbgLr0lu2cCLGgyX7c9vsepmwRk8o%2FCB4DgHhnjVEu%2FGh2zhXLr5F3JAxQqQQquKWQN4b7WstTXVRp4V%2Fd2Kx7G3krbJiQXzryuwwOqJ7C%2FZxN%2FVIlYbQt3qMhmQTkenvqm1STDU%2BS5OWR3Na59KjRp2D9pkBhcJdqPQCXkTMM1plBQtkhaEWAH4rmffCEz8BARFBBPVFkyPgtEG0EgLSv5SYzis5SVdiBAX6a8RKlG0H56J6GhRAoCVIyo%2FGdk1xvoMK6DU755KCZVIEumZZd0C6e2Zyps4U6T5DErBvcQeIaAGIIQRnJcrzv7qxV56ZN6L4i0XJeSEqboa%2Fs9P4PMPHCnudPTZjGRUD3iUwLzthabm4MU%2BeiRklgYjyqCMOXxGqcEY%2Bii7PydMUSPHICEQpPL7Rm%2B2fyhjEhHR&nvMid=29030420587&catId=50001519
Apple 아이폰 13 미니 512GB [자급제],"1,305,600원",https://cr.shopping.naver.com/adcr.nhn?x=iVbrB41cEAnYkbwuD0SGMv%2F%2F%2Fw%3D%3DsImCRe%2Fs%2B37TqmNt8XWjTGqmkJ6NfCTcu4%2FvMklG6NjqGgjNtjvRyY8TaEm3AQ5Uw4znS7xX235pclMb6BrfMieGuOrL2fN57TVjDMhoU%2BzFufsLCnPLZ5YYjJnynfsRGpzxRGLzG%2Bmdxj7CcCLenqd9%2BKy%2Fm0d%2BgYWHtEf61Jo5CNclKwvLyA%2Fys%2F%2FHPPajLAv6mDD2uTNJECH9p%2Be0Yi2NmcbgLr0lu2cCLGgyX7c9vsepmwRk8o%2FCB4DgHhnjVEu%2FGh2zhXLr5F3JAxQqQQquKWQN4b7WstTXVRp4V%2Fd2Kx7G3krbJiQXzryuwwOqJVYTvcbri9guAlK6bxqHK%2BUbgLDsshGFpHGhfjYnzs09KjRp2D9pkBhcJdqPQCXkTK1s3piY0W43aIWUe83IvQvcLTo9Sm7EMerUll4psYjoLSv5SYzis5SVdiBAX6a8Rg4OPtThFM2yPBsnrKnNGz%2Fw5EB9JIRzfzAZXoRSCXaiZZd0C6e2Zyps4U6T5DErBvcQeIaAGIIQRnJcrzv7qxYYvt%2BGI1XDNBzoLvs4el%2BFP4PMPHCnudPTZjGRUD3iUVbX%2BbO9eE5nQRgY3VKHCdhK3LWODYhrlZ9Q4RNIgmYrHICEQpPL7Rm%2B2fyhjEhHR&nvMid=29030296587&catId=50001519
Apple 아이폰 13 프로 256GB [자급제],"1,988,000원",https://cr.shopping.naver.com/adcr.nhn?x=q%2FNxb5yLe6W2pRRMQoAuiv%2F%2F%2Fw%3D%3Dszugj94c%2BDynVF%2BxV2X%2Bj5Tm1RE9z2b4yORVj9izZoH6GgjNtjvRyY8TaEm3AQ5UwZjFhNKDF76GwaHXK7dGbWeGuOrL2fN57TVjDMhoU%2BzFufsLCnPLZ5YYjJnynfsRGpzxRGLzG%2Bmdxj7CcCLenqd9%2BKy%2Fm0d%2BgYWHtEf61Jo5CNclKwvLyA%2Fys%2F%2FHPPajL137zj6xS8KLGHM26HEneD2NmcbgLr0lu2cCLGgyX7c9vsepmwRk8o%2FCB4DgHhnjVEu%2FGh2zhXLr5F3JAxQqQQquKWQN4b7WstTXVRp4V%2Fd2Kx7G3krbJiQXzryuwwOqJw6Y7EOnCLcP%2F3CnvDeYWFz6y1wZeIvQMHm2xHPMS23VKjRp2D9pkBhcJdqPQCXkTMM1plBQtkhaEWAH4rmffCNi0NhztotYo0jz4rJ1Y4rsLSv5SYzis5SVdiBAX6a8RKlG0H56J6GhRAoCVIyo%2FGe6PVlsDCpHcNo%2FcE9xR15OZZd0C6e2Zyps4U6T5DErBvcQeIaAGIIQRnJcrzv7qxT8l2ngzAMVvB%2FC8js40WJVP4PMPHCnudPTZjGRUD3iUiaT9%2F6Dm2UeDTaIwPBeJ7Zrc1m4%2Bvsu2fScBP3uYaefHICEQpPL7Rm%2B2fyhjEhHR&nvMid=29030492586&catId=50001519
Apple 아이폰 13 프로 512GB [자급제],"1,699,990원",https://cr.shopping.naver.com/adcr.nhn?x=dDmeo4CrbfsYC7jao%2BrhHv%2F%2F%2Fw%3D%3DsF81w5vWduV7I769rvMfxzkW3S7R2g%2BEFzqGISl1pKkSGgjNtjvRyY8TaEm3AQ5UwZJmdVt2v%2BGvKwmyi3zmgg%2BGuOrL2fN57TVjDMhoU%2BzFufsLCnPLZ5YYjJnynfsRGpzxRGLzG%2Bmdxj7CcCLenqd9%2BKy%2Fm0d%2BgYWHtEf61Jo5CNclKwvLyA%2Fys%2F%2FHPPajLiYCoXVZpYWHK%2BSJmDHKCzmNmcbgLr0lu2cCLGgyX7c9vsepmwRk8o%2FCB4DgHhnjVEu%2FGh2zhXLr5F3JAxQqQQquKWQN4b7WstTXVRp4V%2Fd2Kx7G3krbJiQXzryuwwOqJz12ChaJR7y4NpnBbLsxI8%2BKrMNUOdBwv%2FQOhULMfj19KjRp2D9pkBhcJdqPQCXkTMM1plBQtkhaEWAH4rmffCKPHigOo5xnKft8ZmnUA%2Be4LSv5SYzis5SVdiBAX6a8RKlG0H56J6GhRAoCVIyo%2FGQ4xrz0M7tNFmv3r6OCk%2BJWZZd0C6e2Zyps4U6T5DErBvcQeIaAGIIQRnJcrzv7qxY2u4IaVR4yzjD4upjXT8h5P4PMPHCnudPTZjGRUD3iUaGSlxjQDNAwb6T8bswycDRSamyC%2FZF%2B0zMCibL3kwLDHICEQpPL7Rm%2B2fyhjEhHR&nvMid=29030416587&catId=50001519
Apple 아이폰 13 프로 맥스 256GB [자급제],"1,834,990원",https://cr.shopping.naver.com/adcr.nhn?x=nYTuK89TF3GzjRGbB6azGP%2F%2F%2Fw%3D%3DsyIfrkWeOnc6l8wMB20J20gaQrYvLWr1XjbdoZPAB4yQCYpaXrkpTZ0FTnmqeb1eBr3d2CaFOA8OnWDcRgywHAwWafMelqEEshDdJz4ssBGbQALbottZLwRtixWXSpLRQBg9LtX4TVgHxMYPXv2l%2FTlVd6Z%2BmZ5fvTALbBBPmfKL392rcVj5mouEkJq8zyckj6k8eex1gijKehYFKKRRxMzMYBx1AVSExF%2FJDG79qxZoFypEAKt23XSMWLSN%2F%2BOUv0E%2FOOt%2FTEFG0EWnMU%2FyIHkPg%2F6PYJW9LpCSumzPJoigK7CtQzZWLlur1%2FFge4%2BEpOFg1dQx9%2FSAje4iGmG%2BAqD1nRJ4yoQ1ByXgZXYF4asUr3wpohlrhUETRXnCpgZJON6qT4GwHXrrHKRDJXkjbhwp3GmZH8572EBGDELnqRN19jr8eNdNYNsPM9vHnSTJR3lPBSWs88ADvGRE4aHtz8t5O4K%2BXIqmnzbbzT%2BN7ILND%2FkFMO4s7sTx4sbc7XXXQvaOjGxMtdSZf0nL3LrxHbHQ0VfCoPR%2F8MuHlYLsMjHDC0hiHfmfzmAI0X1cC502Ka8sniWpNpamEJNe0IQ1DgDnH4UfFYo4d33kkIKiu%2FAjke%2FVP%2BgM94BPZkP5YJ%2Bex&nvMid=29030294588&catId=50001519
Apple 아이폰 13 512GB [자급제],"1,320,500원",https://cr.shopping.naver.com/adcr.nhn?x=iavRH6oQP%2B8WXN8ZBGhRU%2F%2F%2F%2Fw%3D%3DsYpM1vkAx2yR0Ms5WqDN1Zn73aPROpL6lS%2FZYEFe7dkfrlQPyQuHoHFsppYbPEdHavcvEmUguP6HWYqoJG%2BJRm08nYPs2DmyScz7%2BTT7cfVaLft4WqbbOquOv1rYUq7tAsAjtQVK1dPrcrZ0LaE9XO4ZnlrSZr8PDPdBCvs8uWtdeJxHcKH4rYUhc5SxvGs%2FQHwf5O79l1TmN7zCe7XuE%2FiJO7jbxAC%2FhHJnJbE9pD225SET%2FmTh%2Bwr3iKnDGr9FRKL1FBsf8ZJj9UJnhKOnkCRhIukD74%2F6IPplSKWBG3MfBz7%2BORHa%2BX777%2F5U82WuFRDpykpOqWZgZqWcBmVwRDbUT%2F9IlceVGiT9bstYSexs6JIeyjRJJG8AQSjlBThBKRuaDR2LrEXFDwvTptY5wkfwoLUR5VhRAPjINR4zOtXoiNvEAyH7XT6ObGe95mRdUsw%2FEBFoDxdMAZ4HSpGP%2F1lZ%2FIaG84qELmyiDCU5aC6qE4FQdvRmo7oxOSvwywmchwab2ymTI6osxemUeeS5O8zy2NfU3%2FHNkDTUCwiSW71oNauEcRynSn%2F8orOK7nc9029J%2BvEedTOk%2FwzLU00HaUYyO9UUzXNu6mm7OAo7dcdrLVWGr8fvvH1mWvUgXPK6j&nvMid=29030496586&catId=50001519
Apple 아이폰 13 미니 128GB [SKT],"414,680원",https://cr.shopping.naver.com/adcr.nhn?x=%2F3o3PPO4qAFfIJH4OJ%2BF7%2F%2F%2F%2Fw%3D%3Dslzk%2BYTAl4nPxhglgbjAQLOSASC2d8bQgDBVZ6I%2FURNpN4NgkrPIjlczCBjhk2dSMCRY1atJI2mDYGbTi3fD8PQOl4u7qYBM81%2FngIuygnf4HrVk07k6nSjXWteFpGXEgF%2FkvBtpMBe00phpTuK2ITcv%2BjB2erv%2BZ%2Brrs5VHOiTQgGE7%2BZatKjf5hEf1XctkK93Zrej3qYq3yaEzFx0yslJbkCnZt3PKDnGtnPfTpWXV9gLRMuJH34gK%2BdKxxm2wLiagJACV5Wvk%2B0%2BHPLfi%2FpKsJF1TG8DXvuOXRWh2aiSE1QmeK3ZPITzKHcbEnR%2BI8UrhpRonPLNErZnUiKz1DFsUPUUyrn4nxSzSUTHsu%2Fpvlp1VU53fqxlKTBT%2Bu6wKCBDfhREPGGG6lSF5KrzgH8oPk2vryFU100lCcPyTJO%2BBFx37WIyrziE4Ps6WrDu%2FEC%2BPCK4hWZVak%2FmlGHuf2bMAd1loMGnbAg6635fmugIdJm%2F1ne9lUZdiLJ5vX8PmzVz%2Fd392CR6vNhtHoM8o1Q7VE9586nxKD%2BPLGWY1fICL6C0XXk8ySaOQ0OaLzzIxFwvd98H3GSJ4yKZvOFdFV%2B%2FRRs2Tl2LVXyNQxua0eKL8GruH08DlKshetxY8KUEZb&nvMid=29030427586&catId=50000246
Apple 아이폰 13 프로 1TB [자급제],"1,889,920원",https://cr.shopping.naver.com/adcr.nhn?x=LS7aqCP2HBW2EOBz0UhOaP%2F%2F%2Fw%3D%3DsyUulKAAjNtliTpfNky7Jf%2BFspVPYqX0t88YZymX8XhSGgjNtjvRyY8TaEm3AQ5UwHwX%2BcvAC4KeiYvOL9P24z%2BGuOrL2fN57TVjDMhoU%2BzFufsLCnPLZ5YYjJnynfsRGpzxRGLzG%2Bmdxj7CcCLenqd9%2BKy%2Fm0d%2BgYWHtEf61Jo5CNclKwvLyA%2Fys%2F%2FHPPajLnGSGtfC7HsVtItJ58Wx%2BqWNmcbgLr0lu2cCLGgyX7c9vsepmwRk8o%2FCB4DgHhnjVEu%2FGh2zhXLr5F3JAxQqQQquKWQN4b7WstTXVRp4V%2Fd2Kx7G3krbJiQXzryuwwOqJ8ENn7O1odQXQ%2FmjvpPrHryVXQTwDW2HjUZCgYs%2Fx3N1KjRp2D9pkBhcJdqPQCXkTJTyOtdpNmqs6E%2FnW3NDtTp5ENhlNoaBccY7%2BVndAI08LSv5SYzis5SVdiBAX6a8RKlG0H56J6GhRAoCVIyo%2FGb6wTyZTOa8p8nD0SxKNNSAUVxRG4ldwD1%2BkE4NgSPi6NNotVOjABJjx1NK3Vtd%2B86hBnJdXBIDszQ6iLhlRCy4BhNg6pO%2F%2Bw6bSRwW%2FduOknb1lbYdI12FzlP%2Fw61oRiPtBYyDChx2ie9L7NMbagqrNjqh%2FZemCCOboDhnweAmG&nvMid=29029192588&catId=50001519
Apple 아이폰 13 프로 맥스 1TB [자급제],"2,039,670원",https://cr.shopping.naver.com/adcr.nhn?x=%2F%2Fu5JcUY9AwLvJlwIWPgvv%2F%2F%2Fw%3D%3DsulapUOT08nq1KnJBvK8biguX6oWQiFTlb7IMI3kmq0RN4NgkrPIjlczCBjhk2dSM9A6kRoPWVIUtgMfEtM%2FyLwOl4u7qYBM81%2FngIuygnf4HrVk07k6nSjXWteFpGXEgF%2FkvBtpMBe00phpTuK2ITcv%2BjB2erv%2BZ%2Brrs5VHOiTQgGE7%2BZatKjf5hEf1XctkKaTi1gS9Bk8v8CfyRr5Y7JZbkCnZt3PKDnGtnPfTpWXV9gLRMuJH34gK%2BdKxxm2wLiagJACV5Wvk%2B0%2BHPLfi%2FpKsJF1TG8DXvuOXRWh2aiSE1QmeK3ZPITzKHcbEnR%2BI8KjB5gNtiISba2qdFiM7w3g4d8CPScFBI0fJoozK2QDzYe9CsbWrnsboog%2B94RL%2FI0Xaie43S1ci44hGLx1E05ZL9mD5%2BSeM0mpFWNttuOlBFx37WIyrziE4Ps6WrDu%2FET9Lvfhn9NmZebq06Rt58vdNPF6hKiU3wlJ2GjrPWYdX1JtnyFV8OD7Bngtl8x0Qvfm8I4%2BLwqxkEirhSi8uz%2FHKmb%2BXgLaOJTBOK5EWlSZCUy967mlSa3mZfqZTLi6DqjXh5XLjrT8%2FyXF1Uhdiu40PnRA3XGPfe3feEyFxSilBWhZ3SMHTcLlpircdRzUgq1JIslBmdxaTx7xO1%2BPPoWw%3D%3D&nvMid=29029192590&catId=50001519
Apple 아이폰 13 미니 128GB [LG U+],"96,490원",https://cr.shopping.naver.com/adcr.nhn?x=kMrF6ti8e7VPKBb%2BPswVh%2F%2F%2F%2Fw%3D%3DsNBlkPp8Oktl1LE%2FnuS74vqtAz5eq59fbIlmghK4kx7qGgjNtjvRyY8TaEm3AQ5UwXIJmYm1M2Ym666Hx%2FGSSMuGuOrL2fN57TVjDMhoU%2BzFufsLCnPLZ5YYjJnynfsRGpzxRGLzG%2Bmdxj7CcCLenqd9%2BKy%2Fm0d%2BgYWHtEf61Jo5CNclKwvLyA%2Fys%2F%2FHPPajLA3j9XDrRG9Uh1j5Svj4T2WNmcbgLr0lu2cCLGgyX7c9vsepmwRk8o%2FCB4DgHhnjVEu%2FGh2zhXLr5F3JAxQqQQquKWQN4b7WstTXVRp4V%2Fd2Kx7G3krbJiQXzryuwwOqJvRnVy9UEVuVx%2FFL2BBP9erhQq1shnksUg9P9JTtqrLtKjRp2D9pkBhcJdqPQCXkTzAmNCrr%2BriilNNms7VBuf%2FG6GGpLrNfEe%2FiN9%2FMtOV8LSv5SYzis5SVdiBAX6a8Rg4OPtThFM2yPBsnrKnNGzyYtkSTd%2BfgelX7xJEAak8CE4FQdvRmo7oxOSvwywmch79yIWUXrUtJVIWs%2FZ1SZVjT2cXez3Le%2FD%2F2QYPrO2qJicchwRNwmJ84TyxvjggzF2O%2FobkzCb4k5XVfwFWrpsjOkcmjSnJHTZZxo3FD%2B%2BdUOEsHC78VBLnFZh%2FnDobeN&nvMid=29030431586&catId=50000248
Apple 아이폰 13 128GB [LG U+],"148,170원",https://cr.shopping.naver.com/adcr.nhn?x=TP%2FsSt3S5JVfCiVATdYluf%2F%2F%2Fw%3D%3DsmLxL36jn04%2FKV5D3TY0VnXkvdDhRexm%2Fn07ljT6mdtiGgjNtjvRyY8TaEm3AQ5UwitEmz9qLvWrVzqVOK8mRiuGuOrL2fN57TVjDMhoU%2BzFufsLCnPLZ5YYjJnynfsRGpzxRGLzG%2Bmdxj7CcCLenqd9%2BKy%2Fm0d%2BgYWHtEf61Jo5CNclKwvLyA%2Fys%2F%2FHPPajLF5xNEd4OxamWQ%2BcHLqvQ1mNmcbgLr0lu2cCLGgyX7c9vsepmwRk8o%2FCB4DgHhnjVEu%2FGh2zhXLr5F3JAxQqQQquKWQN4b7WstTXVRp4V%2Fd2Kx7G3krbJiQXzryuwwOqJWeTHq2dNDRNp4AfzvZxkTfIkY6yiP%2F1EVsIMKGDm8zhKjRp2D9pkBhcJdqPQCXkTTnUIgeH15izfpnv9piWPIRTeXguLvceILDTsOJTpcCcLSv5SYzis5SVdiBAX6a8RiFsn8y0jIqBOModVs088%2BgSJo18m0jz5bEBzUQZzyqxXnC9JyTQx%2BBguXZpkkOaaFbq9QEpHkFgbJQdMErHEB4vehiqIt8gtZ4ruVmrOQvZ7N0%2BKs0gSFTdhwMrBXaDkyf2ohNpO00mx7XVuJkaqYm9TZjqEQTAbFzUBl8432wvhVEAf6wwM5tqtSh0bB5Hx&nvMid=29030372586&catId=50000248
Apple 아이폰 13 프로 맥스 128GB [자급제],"2,699,980원",https://cr.shopping.naver.com/adcr.nhn?x=KDAxurC6qmb6CaECWaQziP%2F%2F%2Fw%3D%3DsQw3yQfXGpKFoPiXCJIMHXxYPqek0Ox79vKGSLeG%2BkdCGgjNtjvRyY8TaEm3AQ5UwkssTh%2BHGXt%2BvK3N7EfyMdeGuOrL2fN57TVjDMhoU%2BzFufsLCnPLZ5YYjJnynfsRGpzxRGLzG%2Bmdxj7CcCLenqd9%2BKy%2Fm0d%2BgYWHtEf61Jo5CNclKwvLyA%2Fys%2F%2FHPPajLCLK1IiVYHoJNpNr5Mls8y2NmcbgLr0lu2cCLGgyX7c9vsepmwRk8o%2FCB4DgHhnjVEu%2FGh2zhXLr5F3JAxQqQQquKWQN4b7WstTXVRp4V%2Fd2Kx7G3krbJiQXzryuwwOqJL1r4mhyP99l2gdlXLiZhRZH3Xq766eu8OOifl9Z8tk1KjRp2D9pkBhcJdqPQCXkTTnW3yIF%2Bz51ob0Yyo7%2FKwZ6XZBt1xwiSG7aryhXnhA8LSv5SYzis5SVdiBAX6a8RKlG0H56J6GhRAoCVIyo%2FGUAVJpqBLiiByEqDGwZ5AOMPVL%2B%2Frl5PLPXtI0kaP8PkmKdeEMdUbtmzDI4Aa7HQcVobZX3uHxN%2F1XS1MHidfdWJbNEAW3i9CpvPxu0yId5Gjr%2Fvhuz%2FM2bOeEg7k3nONVKjNXMQKKAJ%2BFdOvCSb0bnympQE2a13mObubYhS2xTZQdAiJdwXirBRdnaxfvrBbw%3D%3D&nvMid=29030367587&catId=50001519
Apple 아이폰 13 프로 맥스 512GB [자급제],"1,919,990원",https://cr.shopping.naver.com/adcr.nhn?x=Jc8dtSs1UMKp61694bzOVP%2F%2F%2Fw%3D%3DsYQJ5MHN53Tu87I8LNBmP0km1kV9eo5X6zTn%2FFGstfrJN4NgkrPIjlczCBjhk2dSMC0Guwv8%2B1fcmSv1tOI5a2wOl4u7qYBM81%2FngIuygnf4HrVk07k6nSjXWteFpGXEgF%2FkvBtpMBe00phpTuK2ITcv%2BjB2erv%2BZ%2Brrs5VHOiTQgGE7%2BZatKjf5hEf1XctkKwzZoEE1irv0jVFjUiTpIZJbkCnZt3PKDnGtnPfTpWXV9gLRMuJH34gK%2BdKxxm2wLiagJACV5Wvk%2B0%2BHPLfi%2FpKsJF1TG8DXvuOXRWh2aiSE1QmeK3ZPITzKHcbEnR%2BI8%2F%2F0Vqmuf8lEaGX8pM6zGOM69zWwaTdbikZMBj%2B3bcNnYe9CsbWrnsboog%2B94RL%2FI0Xaie43S1ci44hGLx1E05YPk2vryFU100lCcPyTJO%2BBFx37WIyrziE4Ps6WrDu%2FET9Lvfhn9NmZebq06Rt58vUK94HazsIJk%2FjsIwcFBS2bPU6pntGCurhu%2FV8uonTYh5X6MB3JdbnBohOi8QY2msqhM115Oocu369TZ%2BsxtJct1EzZ6N5cwcspSFo6AaQgSezdPirNIEhU3YcDKwV2g5HCH63kXCAMQ1l4L1iIXGctvU2Y6hEEwGxc1AZfON9sL4VRAH%2BsMDObarUodGweR8Q%3D%3D&nvMid=29029192586&catId=50001519
Apple 아이폰 13 프로 512GB [LG U+],"988,970원",https://cr.shopping.naver.com/adcr.nhn?x=%2BZOfXA2ByVii0lWNts7P5f%2F%2F%2Fw%3D%3Ds2Xc8Y3yUeZ3DW4ltflrWVOpNCh2OxbJurxYoa3kgXHzrlQPyQuHoHFsppYbPEdHaVq%2FsReqarnx3HsjZarCqDlQ87CchdhXZ%2F%2FuSEe6Wm%2FeLft4WqbbOquOv1rYUq7tAsAjtQVK1dPrcrZ0LaE9XO4ZnlrSZr8PDPdBCvs8uWtdeJxHcKH4rYUhc5SxvGs%2FQSPWiJ7SXrJmKgRhytiKLlyJO7jbxAC%2FhHJnJbE9pD225SET%2FmTh%2Bwr3iKnDGr9FRKL1FBsf8ZJj9UJnhKOnkCRhIukD74%2F6IPplSKWBG3MfBz7%2BORHa%2BX777%2F5U82WuFRDpykpOqWZgZqWcBmVwRDYvR6dultHPtlleOLO7qDV06JIeyjRJJG8AQSjlBThBK%2Fkpsg5AguUQPduruz0ll4Y%2FLFNn3CgktFAHLJkCBRg0iNvEAyH7XT6ObGe95mRdUsw%2FEBFoDxdMAZ4HSpGP%2F1v1aZqv48E5V7I5kN9w%2BLZIOTnITeXUIiGAT3tHOc0GbTKo5CnlLrO%2BPacbML5XxEfvvwZ62nOdZ5KK%2FrdpzOaUBhNg6pO%2F%2Bw6bSRwW%2FduOkuRqfIuy83d6TxolrRKBCL2y2dOowfAYXpg%2BTRo2fg8bNjqh%2FZemCCOboDhnweAmG&nvMid=29030295586&catId=50000248
Apple 아이폰 13 미니 256GB [LG U+],"506,490원",https://cr.shopping.naver.com/adcr.nhn?x=p1FCQE%2BZcrkQRG5BnPte4v%2F%2F%2Fw%3D%3DsyhpW2aWPBnypfvWRn9gfko3mH0KOD4jhJMiKarmtxBSGgjNtjvRyY8TaEm3AQ5UwtzKOICMxslUQ1z2AFLSOjOGuOrL2fN57TVjDMhoU%2BzFufsLCnPLZ5YYjJnynfsRGpzxRGLzG%2Bmdxj7CcCLenqd9%2BKy%2Fm0d%2BgYWHtEf61Jo5CNclKwvLyA%2Fys%2F%2FHPPajLeYmWQ3q7Vfmvwq%2BPpoL3AGNmcbgLr0lu2cCLGgyX7c9vsepmwRk8o%2FCB4DgHhnjVEu%2FGh2zhXLr5F3JAxQqQQquKWQN4b7WstTXVRp4V%2Fd2Kx7G3krbJiQXzryuwwOqJbZxENdlRuGtxt2wIOegpRbb4N7ZVt2yRZXetLCW3IFZKjRp2D9pkBhcJdqPQCXkTTnUIgeH15izfpnv9piWPIWAKkDbUxK9PwSPbjtOAtZkLSv5SYzis5SVdiBAX6a8Rg4OPtThFM2yPBsnrKnNGz0bE950AcFAxOwkJwjuM7u2E4FQdvRmo7oxOSvwywmchtRETK6Bnb%2BoT7fkYt66FHDpBXLSU4Mj%2BEx7wv508ObSIDf9TYDOC4LzgCehLsur5t6RsB6ORPHXJex%2BMckmmqSvvXxw7VybMOJP%2B%2B%2B%2FxDm2FbDf4gHI5rSMJU1BWcIOg&nvMid=29030376589&catId=50000248
Apple 아이폰 13 프로 128GB [SKT],"1,183,290원",https://cr.shopping.naver.com/adcr.nhn?x=%2B9taKiLZqnIpYYTWYB0Gg%2F%2F%2F%2Fw%3D%3DsNN2ZNVJIgN6m9j4LDFoILlr1Jh4f8QJ6u%2B0Q6r2vRimGgjNtjvRyY8TaEm3AQ5UwFzarDDdR4OnQ1lBGcbxeyuGuOrL2fN57TVjDMhoU%2BzFufsLCnPLZ5YYjJnynfsRGpzxRGLzG%2Bmdxj7CcCLenqd9%2BKy%2Fm0d%2BgYWHtEf61Jo5CNclKwvLyA%2Fys%2F%2FHPPajLjFhbpbwSIY2kR%2B6Fb8GsqWNmcbgLr0lu2cCLGgyX7c9vsepmwRk8o%2FCB4DgHhnjVEu%2FGh2zhXLr5F3JAxQqQQquKWQN4b7WstTXVRp4V%2Fd2Kx7G3krbJiQXzryuwwOqJK%2BGsnRt5Gl%2BagGYX5F6TbeLLBdlfBXsc5KCtroUm8yZKjRp2D9pkBhcJdqPQCXkTmXMsLVSaqrj%2FW%2BVAEodPfH5nh%2BAnNxPYKkUqikSNLgQLSv5SYzis5SVdiBAX6a8RKlG0H56J6GhRAoCVIyo%2FGZ%2F1s1as4pd2JHIUzmqIyTPyNHyBUXwWVD2ki0TxnNzyQ9eYecsS7aZYltJVKPVUQ92JFpzd5CqPRBs8IuSRQ31icchwRNwmJ84TyxvjggzFytFkiSge7HDCuxMU96E5308Dz%2BByGCgFIgwOgmXl6tIOEsHC78VBLnFZh%2FnDobeN&nvMid=29030177588&catId=50000246
Apple 아이폰 13 프로 맥스 256GB [LG U+],"935,170원",https://cr.shopping.naver.com/adcr.nhn?x=POuviD8qOO1TuV77xkgZ%2BP%2F%2F%2Fw%3D%3DsVKvIJw5ndSnv6yqKuA0qnUF5HjqUyomvJUqKuDaMxcCGgjNtjvRyY8TaEm3AQ5Uw5vJguw5YwHRnD0u3dl3CyuGuOrL2fN57TVjDMhoU%2BzFufsLCnPLZ5YYjJnynfsRGpzxRGLzG%2Bmdxj7CcCLenqd9%2BKy%2Fm0d%2BgYWHtEf61Jo5CNclKwvLyA%2Fys%2F%2FHPPajLk0DN2OTLGYPWI9hUoo%2FGH2NmcbgLr0lu2cCLGgyX7c9vsepmwRk8o%2FCB4DgHhnjVEu%2FGh2zhXLr5F3JAxQqQQquKWQN4b7WstTXVRp4V%2Fd2Kx7G3krbJiQXzryuwwOqJpuOLV7fUg9SCvHC0F%2B2B28SWmfE78PfmkM5t8GhAU%2B5KjRp2D9pkBhcJdqPQCXkT728voueL%2B8yYcdVUdj5NURGEZAC%2BySYnqljm6AjDPvwLSv5SYzis5SVdiBAX6a8RKlG0H56J6GhRAoCVIyo%2FGe1iJjqSOPOSdnx5b1oBHB7pLKfV7lHXkGfYNhWiUOPtINRw1QNF%2FOPJXb5%2B358LYM9XtrHuNrIT9%2BSMn8VM8DqUy967mlSa3mZfqZTLi6DquAa%2FrcsBPDM%2B%2BxhTPvlajgvouPxMz1DtX9Ua8q5Ep1lWhZ3SMHTcLlpircdRzUgq1JIslBmdxaTx7xO1%2BPPoWw%3D%3D&nvMid=29030190586&catId=50000248
Apple 아이폰 13 미니 512GB [LG U+],"448,970원",https://cr.shopping.naver.com/adcr.nhn?x=bcw1WO947zS7%2FCpm8DolA%2F%2F%2F%2Fw%3D%3DslkzariowmM4up%2F4OGAHT5yELKTDJpb4Fmb2MU1ihGDyGgjNtjvRyY8TaEm3AQ5Uwi4BHvjbWjAEpk5uKd0UtUuGuOrL2fN57TVjDMhoU%2BzFufsLCnPLZ5YYjJnynfsRGpzxRGLzG%2Bmdxj7CcCLenqd9%2BKy%2Fm0d%2BgYWHtEf61Jo5CNclKwvLyA%2Fys%2F%2FHPPajLdYhB9y4xrNslRGxEX7B2N2NmcbgLr0lu2cCLGgyX7c9vsepmwRk8o%2FCB4DgHhnjVEu%2FGh2zhXLr5F3JAxQqQQquKWQN4b7WstTXVRp4V%2Fd2Kx7G3krbJiQXzryuwwOqJYsIzIifMv%2BDh4s7yjpBxDKezneJ3f7ThXSMea2b3RL1KjRp2D9pkBhcJdqPQCXkTzAmNCrr%2BriilNNms7VBuf7N3ForIHl2mwu0euMOeTmMLSv5SYzis5SVdiBAX6a8Rg4OPtThFM2yPBsnrKnNGz%2F2I1Kx8mZ2%2Bn89h4ohejcqE4FQdvRmo7oxOSvwywmchf%2BtoNozs2%2FenuSPTlNUdDBQAcMV2akbAoL4M2fQdlGSIDf9TYDOC4LzgCehLsur5pbjFMK12sRAb92LatVSqLZxd8daNvZtQwQe90nZ%2FH5eFbDf4gHI5rSMJU1BWcIOg&nvMid=29030419586&catId=50000248
Apple 아이폰 13 256GB [LG U+],"271,170원",https://cr.shopping.naver.com/adcr.nhn?x=p%2ByvdRDZvxjcM%2BdjVUsT5%2F%2F%2F%2Fw%3D%3DsLMpIrSUgGQn0bAdIOcHJqMKsDZEzig%2BoVu0MzFQgD2iGgjNtjvRyY8TaEm3AQ5Uwb1rR%2BbcRPsw%2FGreTGQOJdOGuOrL2fN57TVjDMhoU%2BzFufsLCnPLZ5YYjJnynfsRGpzxRGLzG%2Bmdxj7CcCLenqd9%2BKy%2Fm0d%2BgYWHtEf61Jo5CNclKwvLyA%2Fys%2F%2FHPPajLNElogZd7xdnjun%2FvFIpdkWNmcbgLr0lu2cCLGgyX7c9vsepmwRk8o%2FCB4DgHhnjVEu%2FGh2zhXLr5F3JAxQqQQquKWQN4b7WstTXVRp4V%2Fd2Kx7G3krbJiQXzryuwwOqJexUz2OglotPlmLlZ8Jbs2%2FvJ%2BNPc2Fw2grIW%2FRyP4G9KjRp2D9pkBhcJdqPQCXkT728voueL%2B8yYcdVUdj5NURFf92baRHD33QRBAjmiuIsLSv5SYzis5SVdiBAX6a8R%2FCOsDULMzhyS3tcNpyUq6ASJo18m0jz5bEBzUQZzyqxXnC9JyTQx%2BBguXZpkkOaabDQ2pboo1Kc%2BqK4yJ0BYMovehiqIt8gtZ4ruVmrOQvaP9ozmdV%2FWs5eTR9VTjChb5OqNtuNbrEjLFLod%2F0VYWm9TZjqEQTAbFzUBl8432wvhVEAf6wwM5tqtSh0bB5Hx&nvMid=29030189588&catId=50000248
Apple 아이폰 13 프로 256GB [LG U+],"1,210,240원",https://cr.shopping.naver.com/adcr.nhn?x=D5cjWBWozYWAY0uzR%2FQ9d%2F%2F%2F%2Fw%3D%3DsQ26Zpm3u%2B8OzVpzTHOchnULFe7Nj4MgnfMKUiUD51cvrlQPyQuHoHFsppYbPEdHalnqdFd9jx9cOrOHYneMRSEaqKCVYFlfW49d5Hf7MJjCLft4WqbbOquOv1rYUq7tAsAjtQVK1dPrcrZ0LaE9XO4ZnlrSZr8PDPdBCvs8uWtdeJxHcKH4rYUhc5SxvGs%2FQIOdN8lTPKVMrj7SCkjvoUSJO7jbxAC%2FhHJnJbE9pD225SET%2FmTh%2Bwr3iKnDGr9FRKL1FBsf8ZJj9UJnhKOnkCRhIukD74%2F6IPplSKWBG3MfBz7%2BORHa%2BX777%2F5U82WuFRDpykpOqWZgZqWcBmVwRDQLmhuPH81%2Bf1onqyQO6IXk6JIeyjRJJG8AQSjlBThBK%2Fkpsg5AguUQPduruz0ll4U0XXTojhdLODzwtmoPUyrAiNvEAyH7XT6ObGe95mRdUsw%2FEBFoDxdMAZ4HSpGP%2F1pTaU0MQMI4zwIlxH90%2Fo7QOTnITeXUIiGAT3tHOc0GbTKo5CnlLrO%2BPacbML5XxEYrpkBeBuiD002v6SvlhPK1RN64mBm9G8QruBkLDcHT6VXmiYa23iMTZlCunnQ%2BQ91EJhnoAlzNOIZWwBS8EydnHICEQpPL7Rm%2B2fyhjEhHR&nvMid=29030415586&catId=50000248
Apple 아이폰 13 프로 128GB [LG U+],"1,078,690원",https://cr.shopping.naver.com/adcr.nhn?x=SoMWZgAR%2FzsAvsV3tyXjgP%2F%2F%2Fw%3D%3DsNWgZO8vXFqM9Z4bmIlhmLLH6wNvK8xjiE%2BQHjO%2Bidj%2BGgjNtjvRyY8TaEm3AQ5UwbQnpznizuAAB8s%2B8RFHNouGuOrL2fN57TVjDMhoU%2BzFufsLCnPLZ5YYjJnynfsRGpzxRGLzG%2Bmdxj7CcCLenqd9%2BKy%2Fm0d%2BgYWHtEf61Jo5CNclKwvLyA%2Fys%2F%2FHPPajL%2FHNuqNLq1In6IsDDJHfZwGNmcbgLr0lu2cCLGgyX7c9vsepmwRk8o%2FCB4DgHhnjVEu%2FGh2zhXLr5F3JAxQqQQquKWQN4b7WstTXVRp4V%2Fd2Kx7G3krbJiQXzryuwwOqJtBYl%2Fbw%2Bd1kxhgBW7dfP37UElERZeFtS87QQyBu7A9NKjRp2D9pkBhcJdqPQCXkT728voueL%2B8yYcdVUdj5NUaYPStBC%2FI0ntbZKRJafmeYLSv5SYzis5SVdiBAX6a8RKlG0H56J6GhRAoCVIyo%2FGe3m4fgGXDdbRBKJQ8iVChOE4FQdvRmo7oxOSvwywmchbhxLgQh%2BXNwZmORkwWTfuKXSC1GHB4iTh0QZrXalkEMNauEcRynSn%2F8orOK7nc90ZH9b7LNmn%2FWMVjpr8uyfXTjRytwQwzqL1UO0DLf5DtHLVWGr8fvvH1mWvUgXPK6j&nvMid=29030175590&catId=50000248
Apple 아이폰 13 512GB [LG U+],"558,170원",https://cr.shopping.naver.com/adcr.nhn?x=%2BHWN2Fhr9ThD85V6nZkV4P%2F%2F%2Fw%3D%3DsZz9eDYUSLX%2BeE%2BXZje1isI19grgzhtW9ByOvPxwlg%2F9N4NgkrPIjlczCBjhk2dSMTdh3QXb1qT%2F8odr47RbXzQOl4u7qYBM81%2FngIuygnf4HrVk07k6nSjXWteFpGXEgF%2FkvBtpMBe00phpTuK2ITcv%2BjB2erv%2BZ%2Brrs5VHOiTQgGE7%2BZatKjf5hEf1XctkKXL18pcfZrfPmJYHNtafSOZbkCnZt3PKDnGtnPfTpWXV9gLRMuJH34gK%2BdKxxm2wLiagJACV5Wvk%2B0%2BHPLfi%2FpKsJF1TG8DXvuOXRWh2aiSE1QmeK3ZPITzKHcbEnR%2BI8PmyiSX3zT6lZJCYGU8PiGHvjeAJxV725z58PCTIB%2F23lp1VU53fqxlKTBT%2Bu6wKCI9kglD9lY4%2B60VziNnIapYPk2vryFU100lCcPyTJO%2BBFx37WIyrziE4Ps6WrDu%2FEIiAHeBidOvRaPuHnEvX4KQfIrAwiKexctEjA8ARADhfZSOiGkruxnJjzdI4iP%2FCgog8EWm%2Few3NJbU4eBkrUAMLSGId%2BZ%2FOYAjRfVwLnTYoL4VKHHi65Y6hFxbhuta6r1q66gLftVXcI8YjsnZ6S0FdznR4EhPC6BI08fc6TT2xWkbDrUFJ2hBG8QaB8WVzn&nvMid=29030296586&catId=50000248
Apple 아이폰 13 프로 맥스 512GB [LG U+],"1,259,180원",https://cr.shopping.naver.com/adcr.nhn?x=OUR%2FdRGTJX3Nm5DItJ1KJv%2F%2F%2Fw%3D%3Dsp%2FVpFxkfJzmjyJo5iTSM%2BHpLUEzh6S0CaoBb2MQTAmuGgjNtjvRyY8TaEm3AQ5Uwpbm0Ld9l1iHP4PkZ%2FuYKIuGuOrL2fN57TVjDMhoU%2BzFufsLCnPLZ5YYjJnynfsRGpzxRGLzG%2Bmdxj7CcCLenqd9%2BKy%2Fm0d%2BgYWHtEf61Jo5CNclKwvLyA%2Fys%2F%2FHPPajLpCX%2FcfcvGkZ1AroVE1C4VWNmcbgLr0lu2cCLGgyX7c9vsepmwRk8o%2FCB4DgHhnjVEu%2FGh2zhXLr5F3JAxQqQQquKWQN4b7WstTXVRp4V%2Fd2Kx7G3krbJiQXzryuwwOqJuYf%2BsRxoUdEjo3E1aBKEJEMhH4at7owtBwLvX%2BJfGhFKjRp2D9pkBhcJdqPQCXkT728voueL%2B8yYcdVUdj5NUUfrJXR2bx90ejp31PFBunALSv5SYzis5SVdiBAX6a8RKlG0H56J6GhRAoCVIyo%2FGUKLBap3kjYbJS2JknJPJQvpLKfV7lHXkGfYNhWiUOPtINRw1QNF%2FOPJXb5%2B358LYBepY1rXWR9iP4DLScgQs2iLMFtr79Q3nfgWEmGcAw%2Ff1W%2BfrCsViFxcA2Q%2B8AdjW6zNjEbiS9PvEUGY7DM3lj0DfkLIyuldBS3f8m8e6nLmzUhNzs2VE%2B%2Bisqs3JAEppg%3D%3D&nvMid=29030181590&catId=50000248
Apple 아이폰 13 프로 맥스 128GB [LG U+],"1,210,640원",https://cr.shopping.naver.com/adcr.nhn?x=PRrksUcZqNFtEDcHzk8eFf%2F%2F%2Fw%3D%3Ds2wA35c0hVUdIK8Cxf5Q9tFEFMMhoX4MRZBAd6lHbCyqGgjNtjvRyY8TaEm3AQ5UwGKfrq42RHC0G%2FbRyvU74muGuOrL2fN57TVjDMhoU%2BzFufsLCnPLZ5YYjJnynfsRGpzxRGLzG%2Bmdxj7CcCLenqd9%2BKy%2Fm0d%2BgYWHtEf61Jo5CNclKwvLyA%2Fys%2F%2FHPPajLZ82JrS6jePl12o%2F1%2Fp43c2NmcbgLr0lu2cCLGgyX7c9vsepmwRk8o%2FCB4DgHhnjVEu%2FGh2zhXLr5F3JAxQqQQquKWQN4b7WstTXVRp4V%2Fd2Kx7G3krbJiQXzryuwwOqJYh2A%2FzK4kBjQ4sukh9%2BiAZCi41JkxSTlC9D8RBQyb1JKjRp2D9pkBhcJdqPQCXkTTnUIgeH15izfpnv9piWPIQbIQr%2FSgPcL0kcRLxBd%2Fs0LSv5SYzis5SVdiBAX6a8RKlG0H56J6GhRAoCVIyo%2FGUAVJpqBLiiByEqDGwZ5AOPpLKfV7lHXkGfYNhWiUOPtINRw1QNF%2FOPJXb5%2B358LYGfRikmadeGYY4Vcom4AxsSJEWd53COv920HzuBjedpQslZ33K9SYQUkrBloG5D5I6shh8yzG4eaiST%2BNi6ig3ADfkLIyuldBS3f8m8e6nLmzUhNzs2VE%2B%2Bisqs3JAEppg%3D%3D&nvMid=29030352586&catId=50000248
Apple 아이폰 13 mini 자급제 128GB 핑크,"912,000원",https://cr.shopping.naver.com/adcr.nhn?x=LTxVyv5O4dU%2FhwDlA8oKG%2F%2F%2F%2Fw%3D%3DsBqIcbK%2B8NiIF%2Bis5Rjf0bfas9RBFZgwXtHoD%2FW3kiyTrlQPyQuHoHFsppYbPEdHaaSQ4qjc%2BYFXEOzy4xghUlkaqKCVYFlfW49d5Hf7MJjCLft4WqbbOquOv1rYUq7tAsAjtQVK1dPrcrZ0LaE9XO%2BPYFsKOGABFhj5ZzjFkFAeKjyp0s01e9YG50wI1msUPhccDuMc5z4LdpGHOH3GIHXqfAVVklzQGCd7bqx4WVMSHclbTWNWHDVPTcZA3%2FVZ6HSbHJHzHAq5uwotplfnaQzqL6JX%2BxH9qufAHSLRVsi9h3DMDD7nh%2BSJiAtPKB8AjfHiWbw4r45tl7xewc3dj%2BN9MIynlqA2w%2Fx3gytX9ialr6kdrp7BvT8OlwZ7P37YyZp%2FuhVWf5tMOyu5R2EADu87lx3dyBYSSyebYMpqf8gTMG0xAK9cFbztp9AIDgfdSbF4OZVL2Q%2FcwuxYvViSTh8CO2i4dfGxhLBE9rvr8%2FWfUl1Mb6CmDxR1AktcPJbKn58o1RW0b1s0VhjdiLRCZNvOL1Hts2mkGvT0XsEBtKFJMu6jMk656soVtPV%2BidEo6H5LLh5eR2eS2YZ77PcGeL4FnbppN1W9Aqm55XFnuK7A2IWAinpDwg720zBf8CUKXTXTRWl8r0jbkpT9QJmJOmdZdTxzhYBTQT0YkLJILf%2BmziFBtADhqSQCZgO8ZmSSMHRyPBWbUFRhWScTsgQynPg%3D%3D&nvMid=29619937553&catId=50001519
아이폰13 미니 128GB KT 자급제_JE,"274,160원",https://cr.shopping.naver.com/adcr.nhn?x=b0w9ZeyRmWlzNKvgQS%2BKQ%2F%2F%2F%2Fw%3D%3Dsp1xXuEKz9ysW7ZrEMm4dzzsiEZ3MNydMmT8NCYBW3lKGgjNtjvRyY8TaEm3AQ5Uw8zd2lFkMBWz00Wo7dYqe7eGuOrL2fN57TVjDMhoU%2BzFufsLCnPLZ5YYjJnynfsRGxDMTp9TifTjk1mXpXluTNli393%2FfVqWWsor6vo8eno%2BO%2FsdgQE5FIA0Tw1QMogpFmyBfY9rCeB04gB0uSgBRpYYAi4So0TfkcUNVFOk%2Bu5845YUvfQ5Ck%2BjH29RIz4%2FYGEi6QPvj%2Fog%2BmVIpYEbcx8HPv45Edr5fvvv%2FlTzZa4VWmvk%2BKEMPn6BZwMOLM2QIN7L6O3ptKczmJR3x2HIAPup2LdD%2BbxXYDmNHXbecDBmKdAp7w6yslyFOlL8nF%2FiWdvy0WjR%2B6dkqriQso01gBKGjjtClkoSqwO2YYtmDB4klpi2IQ6U6DOTq1H%2FhMhGWg4ruDQY6mp5zDdVsVuyXQ9BTxKsVsEofTHxVdkzVPm9i1MYStQ1cGzgOlGnlXHOF05%2FiL3MWsFcTbnjz%2FZLXrUMukEYtnSP8ynIwxlDrrDWVoQ1sBd%2FxEhZRrZSLotbVJyKnQPN1pLfAGzm4ErlDJ0HQIiXcF4qwUXZ2sX76wW8%3D&nvMid=36844269266&catId=50001519
애플 아이폰13mini 미니 128GB / 공기계/자급제,"798,000원",https://cr.shopping.naver.com/adcr.nhn?x=gv6Rg663952SeiPYbXkyDP%2F%2F%2Fw%3D%3DsBF8JNFCyNyHckc2wezvoZ%2F1aPsyHow6U6WyQBwaiMmFN4NgkrPIjlczCBjhk2dSM49x3ZWQOryZTv0xZGQTa%2BgOl4u7qYBM81%2FngIuygnf4HrVk07k6nSjXWteFpGXEg6STKDyiF1D6Jds78zQD3D8VIhUTYq2J1wF4XcKD2AOWkOA3ZateG%2FY8eKxwX1E0Nw0GdIOfdScP%2Frn36LgGAEmELBhkUD4DIQoLE2AksobPDpmNu2Rs3tEPrV0ZTODsbWqyaFa2xLbpwGCJChqMDqn3nZEWFiCP0qAfsOQbhGLvo5EGyTUCeb6dIWM6cFFumK98KaIZa4VBE0V5wqYGSTgulIWxBnmzCGWgW5qVBAnKMHn7BDBNaqXNmoKbAeTMvqFhqHKlMAtG06yfdqTanlcT4WlGyJdeyVhal5D01ogzOurQJSmG%2FryKOM6D8j8Net%2FaFy%2B3sF%2FfRnjPe25Eg%2Fgns32arFBmOsqWOTnIqOL1D9FXWzbBzlHFtZykTJJgzdH0g2z1mnGI56RXn%2BRsxcQw7hfnB1Rpkxnm%2BkiaImsecFjrA3qBLnnAufGiU5QUj6hbc0SVtqvSv1w%2Fo4rcZU4VsN%2FiAcjmtIwlTUFZwg6A%3D&nvMid=85266277029&catId=50001519
해외아이폰13미니 128GB 미국판 직구 무음 언락폰공기계자급제 미개봉미활성화 홍콩폰,"753,000원",https://cr.shopping.naver.com/adcr.nhn?x=g19daD0%2B%2BCWJk7UArzGo7v%2F%2F%2Fw%3D%3DsMfJDTc4DM5HsNjTlOBPa%2BnYOjlAXmkvoiSDmytNjOiNN4NgkrPIjlczCBjhk2dSMFa47lik1lbRRchv%2FcqTjywOl4u7qYBM81%2FngIuygnf4HrVk07k6nSjXWteFpGXEg6STKDyiF1D6Jds78zQD3D8VIhUTYq2J1wF4XcKD2AOWkOA3ZateG%2FY8eKxwX1E0NLm2xVF88GJGa4aScJ%2BTkKWELBhkUD4DIQoLE2AksobPDpmNu2Rs3tEPrV0ZTODsbWqyaFa2xLbpwGCJChqMDqvbmNdUCxNEtHw%2FixwNa5KdAOjTDDY9AC0nv%2FO%2Fp%2FKrqK98KaIZa4VBE0V5wqYGSTlSNVWIMq66tas3dbw6T33GMHn7BDBNaqXNmoKbAeTMvNS4DA4E3TA%2FSRl8byNXcJhckPkGadHpdkoaBeHVh5tcNiOYUj4ABLy8gU2CB6XR1HOoxR9ywpDv1vYHLkg52dHoSDcvKFj5KB35YpaB%2FBg7Lpm2wewAuZuzU%2B5GnZaIrcVcx1olibzOBCLfj8%2BwjJ0cPuhyQ%2BO0EDrLRmjUmWVMtuutoCWD6hCg3xtVfMTsTa1jS8Ua1hwiaLnWMxworxmtu%2FaHJM8C0ZqU7X9B99qcjnXb2%2Bp%2FoOlp6VJoeOvDSBquWb2dn%2BUxukmu44TSaU2hopkeKUdu5q4dSKA0zkoA%3D&nvMid=84830466060&catId=50001519
애플 아이폰 13 미니 자급제 128GB 스타라이트 MLK13KH/A,"950,000원",https://cr.shopping.naver.com/adcr.nhn?x=y6dBAbE8sLfqnpJu1Xu6qf%2F%2F%2Fw%3D%3DsGtTVuIvzQkQXmTA3ODG7nbFhMk2LINf1Mt3O8urBBBrrlQPyQuHoHFsppYbPEdHapR7YhaP9t3mYQ7oSmKSalHjeQlOeFq%2BCCmawpnHnP22Lft4WqbbOquOv1rYUq7tAsAjtQVK1dPrcrZ0LaE9XOxcatm9B2veASW0kGa8JRaUeJMSS7M9CyyHgbplwI1zV9NgSI56oMPJz8ZmoNHXwGIUTIhpzQiVRFQsI1N0s8xxilDQkiIkSeUj6UvW0WhRx26YRrUgC1yvjaCZiO1TqnA7yW7ZLj9q8%2Bly1YMcjiJjCN4wSuq4zJbY4rgPI14Pw8O%2FoyWJ1by5N%2FfneEpDkRk6zalRiSJ1eqdO7XzInLkYQhkkHXK4%2FmSRy5icYE%2F27BW36r4QZshREfg%2B3vq7RNnHcR1xTnZyYbyk01YP6bWiFSpe2oafqSnR5pirQESAHbF4OZVL2Q%2FcwuxYvViSThyr5FG0K%2FfzTHa1wjA%2BjlfTAK%2BFEp2ob85bpvvxlv70gxzcxSISMosQtUtVBDqcHjbo0TEhRO0rOE6FfRnfmG3KFvz4oa0smIun8neuYoBVSJaPJmwjx7NKsqLQhJjsV%2B12e%2BiiWQpU2i6IrG8WK0hAk9tAUleU55%2BeibPJ7gqqyviXvUS9cqywM6O6yyWR%2BjxohtPjA9PZFWriSd2EhWtSAKZXcwZMIsdSeLS0iYZmEE0MaijTbreaIBF8pZpMR7MtVYavx%2B%2B8fWZa9SBc8rqM%3D&nvMid=37080031463&catId=50001519
아이폰13 미니 128GB KT 자급제,"265,880원",https://cr.shopping.naver.com/adcr.nhn?x=oGkIEyJ0BUSZwUqfqvwuE%2F%2F%2F%2Fw%3D%3DsYAA%2FRby0Vo2Fr9W3yeS%2B58iVJ0Q396UouquS4uLPZY%2BGgjNtjvRyY8TaEm3AQ5Uwt1i3YcVc8lpwGYyz6X1wYOGuOrL2fN57TVjDMhoU%2BzFufsLCnPLZ5YYjJnynfsRGxDMTp9TifTjk1mXpXluTNli393%2FfVqWWsor6vo8eno%2BO%2FsdgQE5FIA0Tw1QMogpFmyBfY9rCeB04gB0uSgBRpXOTKir%2BYrdYpKZJdx0ZBFw45YUvfQ5Ck%2BjH29RIz4%2FYGEi6QPvj%2Fog%2BmVIpYEbcx8HPv45Edr5fvvv%2FlTzZa4U9b9aGzCz6aopnJILC3Fv%2FTjvOUmSxgo8UcMn11IiE5lhkUshswqQI4dLspz8OD30cC%2BhxnA3Pg5TqFnX6XjqrkHw5IxRFolUoi7vM%2FZrHXaGjjtClkoSqwO2YYtmDB4klpi2IQ6U6DOTq1H%2FhMhGWt%2FaFy%2B3sF%2FfRnjPe25Eg%2Fje5bfB0r%2FpB6cwPKLicxkJdun8A16L4NBnjPCAPtyDwsQocLEGGa0wsleHc2pFkrdNEsrqLnzOVCP4BQwvNuCm%2BkjpnaXqlsxmtjr3hLzFdb1NmOoRBMBsXNQGXzjfbC%2BFUQB%2FrDAzm2q1KHRsHkfE%3D&nvMid=36844218143&catId=50001519
Apple 아이폰 13 Pro Max 자급제 1TB - 알파인 그린 [MND23KH/A],"1,714,300원",https://cr.shopping.naver.com/adcr.nhn?x=jSU0i0Pt4PkoR%2B4wptgWif%2F%2F%2Fw%3D%3Dsc9XugrA%2FxnFPLCI4ejvyLB4WNVNFzesZkcfQ2L9nHc5N4NgkrPIjlczCBjhk2dSMC%2BJqXSI2IQWz2oElcYMp6gOl4u7qYBM81%2FngIuygnf4HrVk07k6nSjXWteFpGXEg6YyuYeVSUl2UV4Qn0XdFZVVYZ5bt8C2qIgIK%2BKcb50OQ5Hn22Pw%2FjgdMbqt66tJcJ0jYVH6Yd%2B%2BgyxHsXWcL6NVlN0ZNP8WNqPyxP4Z1o%2FtPkoMHZf%2BlFTdoL%2Fq%2BvITsiagJACV5Wvk%2B0%2BHPLfi%2FpKsJF1TG8DXvuOXRWh2aiSE1QmeK3ZPITzKHcbEnR%2BI8W2XSDea0NzgVHbkkgbOKkF1AaadL%2BV96eSbSNkPOEW3Ye9CsbWrnsboog%2B94RL%2FI%2BBRWEqpsJNkG%2BgeDF%2F6sCghUZG7ALTcO%2B%2Fpt29GlTyPGc4rMR7shA2z21jJoflWDLNlOdZC%2BSRbldNZNY5FSCbAilFmIrJrTLJLnAKHRqHhjMS663idOa7RKofAN9eCXnLFRdPWwHYR4EFZGho5INeLRd1LfxRCt7GhZlhJJHTnhX106xxxRVme5VQsZk0Baa1jS8Ua1hwiaLnWMxworxhBnspQe56%2FXjNlrVAlVHVaebjEBL%2F8pG%2Btiu%2FvxraF511SkXvPxCFL9O%2FobcETkVA1QmAmnoJRdq4K9btjkCM0%3D&nvMid=35733078506&catId=50001519
애플 아이폰13미니 자급제 미개통 새상품 공기계,"638,760원",https://cr.shopping.naver.com/adcr.nhn?x=BdAplocF1GZJ%2FhbvshfVaP%2F%2F%2Fw%3D%3DsFiacUYmH9T3z3a%2FrjxbkJxY3gqXKwJwcS4LYz9Iu%2BivrlQPyQuHoHFsppYbPEdHahAdUbHlt9swBE6aKv8zK5YE%2F1loDzwd6mnWu1NGukBaLft4WqbbOquOv1rYUq7tAoHpghZTwnffY%2B6xoJp7G21NVcI%2F18ppt353%2FqRWzEBPXkj%2BZW%2F1lJfgqvRvZaBhRHztkIegX4CeSM%2B5mwoyRW%2FMrOkaGwihHM7W47VhWVYKxp35MJsKmZR9tMw4EmnIe30wjKeWoDbD%2FHeDK1f2JqWvqR2unsG9Pw6XBns%2FftjJmn%2B6FVZ%2Fm0w7K7lHYQAO7DOKr%2FR4fwyewAai%2BVtObYce9j9TM33g7MivnAbc9%2BIAKqNV46PQ7nhp%2BI3V5WQD1y02g5ofmmT91HOajfDKvdoqqUq%2FLTjZyCoQ3eg1hlrtXIt49p%2FPAnsglhYb168Agxy0%2BTVVVRxGtBhg6zFJ2bsUgmKIr1T8ByVeWrnhPhpqD4H3iBomB%2BYyvM5M6mzXUro9ppb2LWPsTdRbMQzh8oq45MMs62bsUQS%2BH8SaMnSrCkd2CpQ%2FahgJeoF%2FR72Tusuzb5EPGS%2FhAR8z8z6GB%2Bnk73onJGTmhb7j6atHHdmVWhZ3SMHTcLlpircdRzUgq1JIslBmdxaTx7xO1%2BPPoWw%3D%3D&nvMid=37132608462&catId=50001519
Apple 아이폰 13 자급제 블루 128GB,"1,090,000원",https://cr.shopping.naver.com/adcr.nhn?x=UdptdHzLRUT6r17dw9hazP%2F%2F%2Fw%3D%3DsUNG02tnwkoWPShOaW7DqmQjeur1%2FebnXXRRrRSuUHK9N4NgkrPIjlczCBjhk2dSMcQCA1Z27o%2BH9rxYB0IEi6QOl4u7qYBM81%2FngIuygnf4HrVk07k6nSjXWteFpGXEgn7HnJXXyHdhrCk5lyLUNwW6IdemuhMaRXNFs4t7grWz%2BdsI0oBV0GFufH9Q6MaoxuqKp5BEw4mdjflcNtQ%2FmKaRCcgCynmIN3Xk7p2rEsnq1%2FusValqmN6Iy5ZBSuBzGxtCwEgz4JPsQbn0LKxIeAX14vSip%2BowRuI7C3NhE9t47Ux%2FuZUeoDFZptJTI4KRhXCDb%2F4Zxy1e%2FEsocXF189quKWQN4b7WstTXVRp4V%2Fd2Kx7G3krbJiQXzryuwwOqJ17DuyDLtJdG9xOCdhSUxTA3lTr7ZTjQnqZ7DzUO93WF%2FlLnJwMa7Bt8R2%2FUDqQrCgM4VQteQw4NqFVING1vVk9XWskCvt2v1woytrip1v0khXHOOZMpJ80X5MRT9vzbWoZCzrTtPk%2FaPt9SkQ3hr6NDSDoXFJ3zHcMQZC8ssrjC5kp2i2MrlMGZvWbZdy%2BvHJdLga9%2FKMKW7%2FBDqaModRc3erQi9YGDMV%2BzZvQfUOaLL07boOLwoxL6IajskM%2BfZnBBeDbV0nljR2mH7Mm16MS8WhXsY2BeqVgjoNal1UQ3Njqh%2FZemCCOboDhnweAmG&nvMid=29619782067&catId=50001519
해외애플 아이폰13 미니 128GB 언락,"772,000원",https://cr.shopping.naver.com/adcr.nhn?x=I3u3XFa%2FIfMfawg5%2FnZIcf%2F%2F%2Fw%3D%3DseSam5VBghUNmztPChywv123ISo7K%2BkPLwjcSBOD1eiSGgjNtjvRyY8TaEm3AQ5UwYtED0IEbWJ10I0rWTFa6puGuOrL2fN57TVjDMhoU%2BzFufsLCnPLZ5YYjJnynfsRGpzxRGLzG%2Bmdxj7CcCLenqUS%2BortKzfQDWBF5GV%2FKfqEhJv3ljJo79VVIpj6%2Fm3WOoFVb9XbOkGL%2B6aom%2FWK9LNBPzjrf0xBRtBFpzFP8iB5D4P%2Bj2CVvS6QkrpszyaIoCuwrUM2Vi5bq9fxYHuPhKVYT45FThI06YlVDl37thpDGUumzm2truTKTHJVj8nWO6nYt0P5vFdgOY0ddt5wMGcDz5%2BhvWxCsj%2BBpKEcYSdoekSGIhJf%2B6Q0%2Fn4fgq2A97Q7vCb7rsmRXjXmutGXYqVflkcfNUhdvFdGsKLKxYoYUwtrF16vqoeEmv5v%2BOH%2B7CvJcGI49xEjYCGAdg%2FlQJOSVquKilieszGIfkZMwb%2B2xChwsQYZrTCyV4dzakWSt1XZUJtNhfcfPRMOdxeB4%2F3Rd07zHKYsqL5%2FOTcefTYZVf%2BCWWMnhQirvCYHSxgBFy1Vhq%2FH77x9Zlr1IFzyuow%3D%3D&nvMid=85490360810&catId=50001519
애플 아이폰13미니 자급제 미개통 새상품 공기계,"673,180원",https://cr.shopping.naver.com/adcr.nhn?x=IxNGULDtHxQE%2FX5XBAmwa%2F%2F%2F%2Fw%3D%3DsvI6sca68z6RdbXUpU7F6VrqTT9CT0iLDPIiC%2Bssl1iOGgjNtjvRyY8TaEm3AQ5UwQgaHLLiZOCISIMwKo3qbq%2BGuOrL2fN57TVjDMhoU%2BzFufsLCnPLZ5YYjJnynfsRGDUKnaxQ3nO2gN5JZPufaFA1rxYWWd6fJbWVlhGdtJHkQ8EyrzWBmPrLJhUL5PrJt9aMA7Qj7Cv7QLAfeWVV5C1Ecmyw5Y9nmOVxrRXiIus8G7z9hUx%2BOrpJLsbX2U1s1PGOg%2Fyl7828UdDjHxhiabYaweO3G5A8K2oFH8UWW0OZMtcrjaq5w9v506K14HLeFYyuhHiY3CJhq8Ogheo8wvRDm%2BPgHqutpy%2BgxxjdkLUVme%2BPpITAUdd2905D7cBSy%2FOIq6qLqW%2BXB7aAhUB%2FZQCVdN3LpKf%2FbKuiZi7z1XJThn81rhlLXh3Dud5TgybM1p4n1xT9AgCt%2BTqBUedlzN3%2BUucnAxrsG3xHb9QOpCsK0Klydx8DNp%2FpD0Nbq4BNJ9KPjpSmYVOZt4ZEYaDkLrAdzROVXKj70AsCVBVNDMr9%2BzmFcbyeL9gRpMIh6ZNeAv05v%2Fuqd6fy5wd5ClUwNyPwnahN4Q4Eib2NzRzVK5orkWuLe1%2BY8LdoxWI919KPuxz2dv%2F%2FEO31HzzCaCFBJACHu6qezaMlx5doaJdOwt690fSDbPWacYjnpFef5GzFxc6nUf3A2JyRPARXQC28YH2C%2FoONVLfobDUao%2FEJevY8DfkLIyuldBS3f8m8e6nLmzUhNzs2VE%2B%2Bisqs3JAEppg%3D%3D&nvMid=37158382738&catId=50001519
아이폰13 미니 128GB KT 자급제,"256,680원",https://cr.shopping.naver.com/adcr.nhn?x=hREZoMfljeH1q4%2BJKJspWv%2F%2F%2Fw%3D%3Ds8t2uYu5%2BLok9F7b219bLKYwVgJlzSJ%2FC01xGzZATbCJN4NgkrPIjlczCBjhk2dSMITOSjw1wcnFAZQMwwR5TYgOl4u7qYBM81%2FngIuygnf4HrVk07k6nSjXWteFpGXEg5O75OgAiTVbZypCFIVbE76o5YEmCu22RHk6o03pGxHyr9N9rARz1GwL8SD%2B61y0r7yr4P6y6oihxEYjYN263ZHxBnq0dNG7GCo36gIbyFp8P5GNXQQD0M2suMnK2Mw2Mq4pZA3hvtay1NdVGnhX93YrHsbeStsmJBfOvK7DA6ong05U%2FOHZXNdd8R2cuFUz5QMaMNySvu2IQDNI1AgAfhmH887x6xNbHl9QWC%2BIeyXIAmUuiqaLEkkP%2B99%2FKN7GDzfNVo1KcSVSazeZg7M%2BAaYvBz4zGJ4Dd03VINL0OIC8233s1CxtKvj5Md3JCrS%2FiT%2B53pBuOQFHyhM1BUQQgc3TbKyGVsWOMLl1owu1l3kFgZslzZGaDG5FsfLBkOxoiZTc3SRYJKEdTDi92W%2BhFhS72ES4zkt2%2Fl0ggP6HmNTwCNqjgSl%2B5laeD6e3y2jY4V3OdHgSE8LoEjTx9zpNPbFaRsOtQUnaEEbxBoHxZXOc%3D&nvMid=36844174514&catId=50001519
